{
  "mean": [
    11.072514535555923,
    2.7517161333677764,
    18.269559781494767,
    13.348697685649281,
    -0.053418556765620386,
    3.1126087859011786,
    0.03988292193699097,
    3.089531685622909,
    9.756775622199653,
    3.045179176411215
  ],
  "scale": [
    1.266925303363331,
    1.5908648630397648,
    5.685589363325337,
    7.681354559853071,
    0.3028175208185978,
    1.8702216108302638,
    0.3211531596824426,
    1.8910207380839208,
    0.2675749994881947,
    1.8849090060239257
  ],
  "feature_names": [
    "mag_mean",
    "mag_std",
    "mag_max",
    "mag_range",
    "x_mean",
    "x_std",
    "y_mean",
    "y_std",
    "z_mean",
    "z_std"
  ]
}