{
  "n_estimators": 50,
  "max_depth": 10,
  "feature_importances": [
    0.0,
    0.0008927795666648479,
    0.0,
    0.10686916325408514,
    0.10107590247912926,
    0.08901881550283376,
    0.06438324218043907,
    0.06309129990118066,
    0.032279929836047404,
    0.08557249479520185,
    0.22042892137427916,
    0.13919253462222764,
    0.0,
    0.000836500166104393,
    0.003156509165569476,
    0.09320190715623733
  ],
  "classes": [
    0,
    2,
    3
  ]
}